sensorDeployedId,dataCollectedDate,output,heatRate,compressorEfficiency,availability,reliability,firedHours,trips,starts
1,2016-01-01,150.7367606000,9840.7551450000,91.1515755400,96.6201278000,98.6476620600,16.7855285000,0,1
1,2016-01-02,152.6760616000,9732.7890070000,91.7853671500,96.9952176500,99.9108656100,18.0246691400,1,0
1,2016-01-03,150.4278469000,9634.6076990000,89.3615539700,96.1362806100,99.5980704800,15.9468386300,0,1
1,2016-01-04,153.4809962000,9732.2950960000,89.9300165600,98.7091513400,97.5103096000,15.1500245900,0,1
1,2016-01-05,154.3750662000,9767.3729780000,91.7814231000,96.2929910400,99.0039824800,17.5094538400,0,1
1,2016-01-06,151.3605199000,9820.9346980000,87.5540197800,96.4104959900,97.0701431600,15.9287639100,1,0
1,2016-01-07,153.2026610000,9812.8102640000,87.9823826100,96.4969446700,99.0174553900,17.1227676700,1,0
1,2016-01-08,153.4678590000,9756.4894060000,88.4321616800,98.6738992500,98.2161936500,17.5605335400,0,1
1,2016-01-09,153.2596364000,9782.9680440000,89.1831051300,96.6367069100,98.1251535400,18.4318817700,0,1
1,2016-01-10,152.9448937000,9649.2857910000,89.0893975500,97.3442018800,97.5717070300,16.1954022300,0,1
1,2016-01-11,152.3531414000,9815.8480960000,91.1534500500,96.8960941800,97.2949973100,17.5352477600,0,1
1,2016-01-12,154.4594486000,9641.9207210000,91.4820938500,98.2013858000,96.5591588300,17.6469741500,0,1
1,2016-01-13,152.1036376000,9745.4630050000,90.3772518500,97.0828861100,98.3406925300,16.0680678100,0,1
1,2016-01-14,153.9375043000,9842.5059110000,88.7091437100,97.1223338100,99.5705519300,18.3557809300,0,1
1,2016-01-15,152.6318241000,9729.9852000000,90.9808034200,98.4883496900,97.7309868900,17.2307411500,0,1
1,2016-01-16,150.2716374000,9643.3363510000,87.9806054600,96.8203054600,99.5657897900,15.5191792800,0,1
1,2016-01-17,153.9261464000,9722.7611760000,90.8376331900,96.5787720200,99.4023217000,15.5063631600,1,0
1,2016-01-18,152.3813726000,9811.6385920000,87.9918219700,98.2332267300,98.1261018400,16.8547896900,1,0
1,2016-01-19,153.2686596000,9748.2096090000,87.9584864500,97.4482414300,97.4673431000,18.3264682000,0,1
1,2016-01-20,153.3755628000,9811.6471990000,90.6339184600,96.2399805200,98.9443357500,18.8295479100,0,1
1,2016-01-21,151.9051897000,9802.5762930000,87.7761591200,96.0604463100,97.9279914200,16.9139865300,0,1
1,2016-01-22,150.6401961000,9845.6388310000,89.5196297800,97.8538779600,98.0467077000,15.1537921500,0,1
1,2016-01-23,151.0485706000,9785.0607100000,90.0219771100,99.8139766700,96.5984809300,17.6117595800,0,1
1,2016-01-24,151.2022116000,9653.4048750000,90.7225145500,98.6617563700,97.5768835500,18.2833693000,0,1
1,2016-01-25,153.9494753000,9818.6925580000,87.2097601900,97.5376085400,99.1317416000,16.9587590900,0,1
1,2016-01-26,152.0833683000,9773.8072750000,91.4669699600,99.2309769000,99.0783966400,15.9100689500,1,0
1,2016-01-27,150.0848599000,9729.6356030000,90.3786347700,97.6862953500,96.3212192200,17.4466872400,1,0
1,2016-01-28,153.1116113000,9788.1311460000,90.8083086600,96.2415211100,96.2742079200,16.7618717700,0,1
1,2016-01-29,153.8232656000,9805.7494090000,87.9820831700,97.2859221000,98.5962827600,18.8903400300,0,1
1,2016-01-30,151.3663310000,9679.1700630000,90.6167189800,97.1150727500,99.5873674900,16.3498503700,0,1
1,2016-01-31,150.9125337000,9713.7512680000,88.0793712000,99.9662645600,99.0100388300,15.8010737400,0,1
1,2016-02-01,154.5208355000,9700.4606260000,90.4527231800,97.4743661100,99.5389840700,17.3205660700,0,1
1,2016-02-02,153.3981748000,9791.0101820000,91.5533645200,97.6911612700,97.5966738600,16.6683557600,0,1
1,2016-02-03,150.2321395000,9735.3241080000,91.6352178100,98.4626237700,98.5443848600,18.9872283600,0,1
1,2016-02-04,150.9827218000,9690.0260390000,88.5124698400,99.7272007400,96.9850884100,16.4060988200,1,1
1,2016-02-05,154.0540979000,9743.8894390000,91.4914628900,99.3381917500,97.5378395200,17.0342598500,0,1
1,2016-02-06,153.9498249000,9693.4254020000,91.3164797100,99.1065704400,99.0544305800,15.0867075300,0,1
1,2016-02-07,152.7077612000,9783.7348290000,87.2213046000,97.2330106100,98.6039977900,18.8038516000,0,1
1,2016-02-08,152.6061069000,9794.8564200000,89.0556187100,98.1349069200,99.0702363600,16.3185340000,0,1
1,2016-02-09,153.8414018000,9786.2232190000,87.7870244100,98.7195712800,97.2220823600,18.1345362800,0,1
1,2016-02-10,153.2931161000,9649.5215860000,91.6197642000,99.6054114500,96.5645364700,17.7177276900,0,1
1,2016-02-11,154.7471469000,9676.1628520000,89.9274615700,99.5605781500,99.6795865000,15.2704914100,0,1
1,2016-02-12,152.8362307000,9768.0527630000,90.3268893200,98.5497824000,97.6570033300,16.5205235500,0,1
1,2016-02-13,152.5317877000,9810.6586830000,88.2248965600,99.3802516900,97.7246188700,16.9730544900,0,1
1,2016-02-14,152.9256032000,9809.5703510000,88.2275152000,99.6052322200,97.3286014800,15.2159013900,0,1
1,2016-02-15,154.7749577000,9673.1656550000,87.5944305700,96.1204249100,96.7049679100,18.8336596800,0,1
1,2016-02-16,153.9166253000,9632.5810180000,90.1640842000,99.4942481200,96.6310791000,16.0605138700,0,1
1,2016-02-17,150.7161435000,9659.8979540000,88.7185024400,96.1524281500,98.6480767200,16.4046016900,0,1
1,2016-02-18,153.6682106000,9852.1925690000,89.9040410700,99.5440669700,98.4936819600,18.6763094300,0,1
1,2016-02-19,150.5373025000,9840.0040360000,89.4485318200,99.6423969400,97.8166901200,17.7430336100,1,0
1,2016-02-20,150.1528716000,9776.6768570000,90.9055356400,96.2703401300,97.5985063700,18.0214020700,0,1
1,2016-02-21,154.1997756000,9732.5083140000,87.2570928000,97.4053649900,96.8857391700,17.8283637400,0,1
1,2016-02-22,154.1429542000,9825.1101330000,88.9624300300,98.8117825500,96.6464642200,15.5422410600,0,1
1,2016-02-23,152.9056034000,9812.4472010000,90.2808254600,97.3282638300,97.8369076900,15.6010463200,1,1
1,2016-02-24,154.6401034000,9845.0894610000,91.6653911700,96.2766287300,97.3002513500,18.0773178600,1,0
1,2016-02-25,154.8094359000,9720.3197970000,87.4612386900,96.7906242700,99.7671006200,16.9316973400,0,1
1,2016-02-26,151.0509242000,9688.9151820000,88.1616736900,98.8994066500,96.3640631800,16.3637724500,0,1
1,2016-02-27,150.9347418000,9749.0240810000,87.8506292000,98.3805402900,99.2012114500,18.8696860300,0,1
1,2016-02-28,153.1205790000,9857.5743750000,87.5211877300,97.2412592500,96.5148070700,16.2461759400,0,1
1,2016-02-29,151.4782357000,9838.6629220000,89.2737556500,99.0027464100,97.0759135200,16.2190185700,0,1
1,2016-03-01,151.6885383000,9717.0582330000,90.5565412300,98.8442629200,97.1958771400,15.8600254100,0,1
1,2016-03-02,153.5201768000,9788.1689970000,88.3562766300,97.1445061000,99.3306228100,15.1632363500,0,1
1,2016-03-03,150.8182941000,9636.7694230000,87.4865700700,98.8144363900,99.5473966300,15.1881763000,0,1
1,2016-03-04,152.7125207000,9824.3598870000,88.3084101600,97.7078908700,97.6086289700,15.5733195700,0,1
1,2016-03-05,152.3040666000,9731.2140470000,87.3378565000,98.2351889900,99.6324428100,15.3697263800,0,1
1,2016-03-06,150.1837911000,9631.4059990000,88.1991642000,97.7082705300,97.4038553200,18.0316936900,0,1
1,2016-03-07,150.4885951000,9808.5232300000,90.2085782300,97.3455058100,96.0901653500,17.8990365300,0,1
1,2016-03-08,152.1709633000,9836.7417880000,88.8535374400,99.3838773700,99.5222556200,16.9325003200,0,1
1,2016-03-09,152.2734668000,9797.6270420000,89.8451740900,99.2955027800,99.6758574800,15.9772175200,0,1
1,2016-03-10,154.2741688000,9858.0634620000,89.9723758800,97.5703788300,98.9795699700,16.7367728600,0,1
1,2016-03-11,150.6962147000,9726.0392040000,89.1403528200,98.8144131900,99.7622884500,15.5555730700,1,1
1,2016-03-12,152.5255792000,9685.3643640000,90.3636132800,97.9485776100,98.2009366600,17.3885370200,0,1
1,2016-03-13,154.6754191000,9778.7315560000,89.8271237900,98.1908571200,97.2681414600,18.1099980600,0,1
1,2016-03-14,153.6474488000,9718.1643340000,87.6315430300,96.8206319900,96.4870355200,15.9046788100,0,1
1,2016-03-15,154.7412593000,9815.3130940000,87.1003991900,98.9805591500,98.6401412800,17.3578413200,0,1
1,2016-03-16,152.4741313000,9859.6070010000,87.3316690000,99.1561549500,96.8682331200,16.6739504500,0,1
1,2016-03-17,154.6647480000,9718.6337420000,89.4544893100,97.9294815900,96.5414290500,18.9699842200,0,1
1,2016-03-18,151.3211511000,9657.0147140000,91.6403840500,96.4392845000,97.6474063200,18.5217586400,1,0
1,2016-03-19,150.4550628000,9844.1300660000,88.7626019200,96.0879795200,99.8456969400,18.2315570700,0,1
1,2016-03-20,152.2946727000,9680.3565390000,88.2742664200,99.4864295900,97.5590163600,15.6897670500,0,1
1,2016-03-21,152.4591114000,9767.3028440000,90.2837869600,96.5135556100,96.7426049600,15.7384407600,1,0
1,2016-03-22,151.0960354000,9698.9509070000,89.9187996900,96.9174581900,99.1659184300,16.8014082400,1,0
1,2016-03-23,150.5920338000,9772.1659430000,88.5764914500,96.6297177700,98.9811465600,17.2573498500,0,1
1,2016-03-24,150.8498561000,9821.8739200000,89.7432087100,99.1867868900,98.4207766700,15.2946882500,0,1
1,2016-03-25,154.5933742000,9745.4559130000,87.2847516500,98.9866312200,98.8315210300,16.1619679100,1,0
1,2016-03-26,153.9738732000,9728.0258990000,87.5365551500,96.0953350400,99.9142328000,17.7845623300,0,1
1,2016-03-27,151.8320561000,9809.3840610000,90.2845366800,97.5889117100,97.1980702600,15.7567912500,0,1
1,2016-03-28,153.5061997000,9717.8132690000,90.1527011500,99.1301200300,98.9113177800,18.4773273800,0,1
1,2016-03-29,151.7945033000,9800.9329550000,91.6027586900,98.4268766000,98.7048362000,17.6411842300,0,1
1,2016-03-30,150.9852130000,9635.0984080000,91.3064536500,98.2024522700,99.3267054400,16.1852583800,0,1
1,2016-03-31,152.5309998000,9845.7509680000,91.7755096000,99.4541148700,99.9974730100,16.4610450600,0,1
1,2016-04-01,151.2481080000,9778.3157000000,90.0037204700,99.3890484900,96.3899692800,18.2500436200,0,1
1,2016-04-02,154.3389359000,9634.5408800000,87.3514649900,97.3249845000,98.4741650800,17.1395578700,1,0
1,2016-04-03,153.2883139000,9689.8916360000,87.4279222700,99.1568997800,96.2397573600,15.6425880200,0,1
1,2016-04-04,150.2263802000,9791.7588580000,88.4654329800,97.5067015900,99.6217501800,18.6196771400,0,1
1,2016-04-05,152.6373466000,9667.0001930000,90.1332275300,96.4540721700,98.9413584000,17.6624792000,1,0
1,2016-04-06,153.3254284000,9812.7968930000,90.8922425600,98.7411262300,96.2888252700,15.4151881200,0,1
1,2016-04-07,150.9496789000,9660.0750440000,90.3668935400,98.9010483600,98.1160680500,16.4621654500,0,1
1,2016-04-08,150.5545161000,9713.0634690000,88.2656903000,97.3482159300,98.1880000000,17.7098617400,0,1
1,2016-04-09,154.3056322000,9695.4909850000,88.0110421800,97.6885097500,98.9842866800,15.1050914600,0,1
1,2016-04-10,153.5607468000,9839.7927090000,89.6663466100,97.0747089300,96.0026781500,18.9988706300,0,1
1,2016-04-11,152.7259898000,9651.9304000000,90.6929027000,97.3025975100,99.4506283100,15.8248063000,0,1
1,2016-04-12,151.2952061000,9846.5810550000,87.4512033600,98.2020721800,98.7969238200,15.9611561100,0,1
1,2016-04-13,154.9624263000,9698.9789370000,91.4066856200,96.2382207500,99.4547987500,16.3918945300,0,1
1,2016-04-14,150.4652008000,9695.2103100000,90.1697534800,97.5533845900,96.6210762600,18.6557485200,0,1
1,2016-04-15,153.2858294000,9740.2527480000,87.7925277500,97.0709894600,98.7471378700,17.9518265700,0,1
1,2016-04-16,154.6184119000,9758.0407960000,89.2274519500,99.8848646800,98.4447685700,16.0289882800,0,1
1,2016-04-17,152.8067829000,9730.0150700000,90.2302709200,98.1931051900,99.5544123100,15.8596583100,0,1
1,2016-04-18,152.2901699000,9750.5341240000,88.2793629400,97.7470242200,98.2621463800,18.9916795500,1,0
1,2016-04-19,153.0074161000,9714.1574300000,88.5603298000,99.3293091000,98.8107368300,17.9887870300,0,1
1,2016-04-20,151.5677667000,9790.0410100000,88.4982429000,97.3917693000,99.9103463600,16.5488666500,0,1
1,2016-04-21,151.4677921000,9721.2218150000,90.4620635800,98.9776850500,99.8834308900,18.3492035300,0,1
1,2016-04-22,154.3318896000,9849.5941900000,88.7609621800,96.8562825400,99.2749854000,18.4211090800,0,1
1,2016-04-23,151.8306723000,9839.6127760000,88.7593805300,96.7750169200,98.7911161200,17.6869432900,0,1
1,2016-04-24,154.0404127000,9723.3259720000,89.7947955300,99.2906342800,96.0155704300,17.2394539700,0,1
1,2016-04-25,154.6593206000,9794.9758790000,89.0933554400,97.0262925000,97.5220322500,18.6118873200,0,1
1,2016-04-26,154.9438218000,9794.3125490000,88.8322325600,96.1559735900,98.9847308600,16.8366004400,0,1
1,2016-04-27,153.6706839000,9693.4079430000,87.4507208900,97.0488935000,97.8573491000,17.9047271800,0,1
1,2016-04-28,150.5227742000,9720.7683940000,89.7851156000,97.3503230600,99.1520087700,17.2338018400,0,1
1,2016-04-29,154.7459049000,9653.0166940000,88.5247407200,97.4213923100,98.0771273700,18.7934473400,0,1
1,2016-04-30,150.8002609000,9719.4145500000,88.5156744600,97.8028898200,96.8216652200,18.8377785100,0,1
1,2016-05-01,151.9788305000,9810.7942570000,90.0186812100,98.6644473100,97.7270711400,15.9843454400,1,0
1,2016-05-02,153.0475145000,9646.2272340000,91.6824413900,98.6318422600,97.6252781700,18.0559385900,0,1
1,2016-05-03,151.8445341000,9700.0508600000,89.6815215000,96.1355060100,98.9579374200,18.5008585500,0,1
1,2016-05-04,152.1543651000,9822.3763460000,90.6238015800,96.8958655500,96.9449612300,17.1075617800,0,1
1,2016-05-05,151.8835222000,9659.0757470000,87.8561148400,99.6787806800,98.7565926800,17.5222807900,0,1
1,2016-05-06,152.7725276000,9695.8928310000,88.0634622300,98.2845333600,98.2108616000,15.1015365700,0,1
1,2016-05-07,153.3014153000,9773.1674540000,91.0025832600,97.6597209200,97.0260595100,16.5338126200,0,1
1,2016-05-08,151.0542006000,9845.9739860000,87.2542803200,97.8189179900,98.7684243800,15.6959704100,0,1
1,2016-05-09,153.4917450000,9732.7383180000,87.9085347000,99.2276691500,98.7841802600,17.0993187400,0,1
1,2016-05-10,151.2894018000,9667.5841100000,87.6185741600,99.2385975600,98.9168634500,18.5217192100,0,1
1,2016-05-11,150.6925619000,9743.6535270000,88.0619228300,99.7047099600,97.6735348400,15.4829336300,0,1
1,2016-05-12,150.7256733000,9806.7435820000,90.2244478600,96.0254167000,97.9298999500,15.3355672600,0,1
1,2016-05-13,151.6127960000,9642.2886320000,87.8757370200,99.7267600900,99.4030982100,17.2162650600,0,1
1,2016-05-14,152.4412981000,9645.1120280000,90.3913477200,99.5942357900,99.0114035200,18.7997093600,0,1
1,2016-05-15,150.9749219000,9695.5709190000,91.0295383200,96.0863036700,98.6756532200,17.5875590700,0,1
1,2016-05-16,153.6392875000,9724.1130390000,88.1348844300,97.4745943400,97.3022097400,15.6308408000,0,1
1,2016-05-17,151.4660318000,9730.3167120000,89.0948379700,97.1721309800,98.3944637400,18.5101377600,0,1
1,2016-05-18,153.3702833000,9677.7078000000,88.1054036300,99.9380469300,98.5922225600,15.0743492000,0,1
1,2016-05-19,150.5837823000,9691.8026230000,87.1497225400,99.6908348400,97.1948083300,15.7489897100,0,1
1,2016-05-20,152.8728839000,9632.4404610000,87.5393723000,99.9093501400,99.9624580100,15.2584661700,0,1
1,2016-05-21,151.9811276000,9653.5746310000,91.1333234500,99.0438457700,97.4472570700,16.5853705100,0,1
1,2016-05-22,154.9199984000,9804.4748790000,88.9634732000,96.1649173500,99.6369192500,16.4740076600,0,1
1,2016-05-23,151.5659262000,9661.1227410000,91.7513452700,98.4468925300,98.1515476000,18.6671657200,0,1
1,2016-05-24,154.6887982000,9710.0260110000,88.3416351500,98.2081654900,97.5135055700,15.0108282000,0,1
1,2016-05-25,150.4261691000,9649.3344500000,88.4531934100,99.4064276800,98.7547269300,17.4218731500,0,1
1,2016-05-26,150.3025495000,9827.7113160000,88.3456317500,99.6400182500,97.5372745900,16.9442776400,0,1
1,2016-05-27,151.1234676000,9734.3242250000,88.8746308600,96.1358434900,99.3308558800,17.2867199800,0,1
1,2016-05-28,151.1362304000,9665.8523360000,87.3038663200,96.7960022700,98.8200135500,15.0203450600,0,1
1,2016-05-29,151.5306359000,9775.0178420000,90.9866097000,99.4988800300,98.2947026100,17.7053838300,0,1
1,2016-05-30,154.1517118000,9742.3193860000,89.9745178500,97.3782097800,97.0669011000,16.3877866700,0,1
1,2016-05-31,152.3812457000,9727.1554640000,88.6488743000,96.1644257600,98.4598910500,17.5477013200,0,1
1,2016-06-01,153.3362542000,9646.7498100000,87.4361427800,97.7440454900,97.4525871300,15.6073048600,0,1
2,2016-01-01,150.5193203000,9722.0570290000,87.0184996100,96.2666181800,99.6142193900,16.5815121000,0,1
2,2016-01-02,152.9783497000,9675.7992640000,87.4311218300,99.8915428000,98.2828237700,16.2171066300,0,1
2,2016-01-03,151.0804737000,9727.4005090000,87.3124825500,96.5618638800,97.3327609900,15.4586978800,1,0
2,2016-01-04,154.1870147000,9702.8175530000,88.7728866700,98.4005615400,98.3645916800,15.8630640100,0,1
2,2016-01-05,151.5172378000,9665.1342670000,88.1453235400,96.3530683900,97.6907624700,16.8022094700,0,1
2,2016-01-06,152.9172264000,9717.9310710000,90.0526375400,96.6331736100,99.9598834600,17.1788312800,0,1
2,2016-01-07,151.1107618000,9644.9226750000,90.4645495800,96.7816940000,99.7056873200,16.8613098500,0,1
2,2016-01-08,153.5816344000,9678.8681590000,88.6521112000,97.7636995400,96.1627409800,18.8675134200,0,1
2,2016-01-09,152.1640409000,9700.8676850000,91.1692500200,98.4779421200,98.1217241200,17.8023483300,1,0
2,2016-01-10,153.3711967000,9638.2895090000,89.0765422900,97.3770503500,97.5662942200,18.2636797900,0,1
2,2016-01-11,154.6500409000,9645.2746510000,89.8005454500,96.6981318700,97.8716329600,15.5189342000,0,1
2,2016-01-12,154.2880165000,9666.6347530000,91.4073386600,97.8319598300,98.5999612900,16.6031298100,0,1
2,2016-01-13,151.4645634000,9706.1981300000,91.8921093300,97.0307034000,97.0188899500,15.0584238600,0,1
2,2016-01-14,152.5730307000,9725.8740990000,88.9063706800,97.7044255900,98.0783040700,18.2606588300,0,1
2,2016-01-15,151.0965160000,9659.0241030000,87.1524616700,98.5608190300,97.2298670200,17.6835039700,1,0
2,2016-01-16,153.1641614000,9655.1904840000,90.7175186800,99.4515152400,97.4304729300,15.1335518400,0,1
2,2016-01-17,150.3082608000,9721.6703580000,90.1841022700,97.1595330500,96.8437287600,18.1471932600,1,0
2,2016-01-18,153.3388874000,9661.6323370000,90.3040758800,98.4444179600,96.9386182400,16.1625322400,0,1
2,2016-01-19,151.7304401000,9720.8088000000,89.1917294200,99.7194922000,97.0474350600,17.8701639500,0,1
2,2016-01-20,152.0042491000,9669.0938750000,87.8417513000,96.5032165600,97.4779508900,18.9080208700,0,1
2,2016-01-21,151.2602791000,9703.9729440000,88.0676855100,96.2299136600,97.3877052300,17.9094376600,0,1
2,2016-01-22,150.7098689000,9728.1189970000,91.6196009300,96.4315766200,97.9912310600,16.4806982200,0,1
2,2016-01-23,153.7205220000,9725.8484850000,89.7052803600,97.0221731500,96.4591718100,16.0255152600,0,1
2,2016-01-24,153.8755937000,9651.2829430000,88.3208509800,98.3348920400,97.6699339000,17.6016303900,0,1
2,2016-01-25,152.9460760000,9694.1316610000,87.3394145400,99.5336425600,97.9663028600,17.9201429100,1,0
2,2016-01-26,152.4003119000,9664.7254920000,91.6931024200,97.2940961700,96.9642221200,16.3214772900,0,1
2,2016-01-27,154.8808047000,9649.0866310000,91.8807569300,98.2422223300,97.1081281000,18.8595651000,1,0
2,2016-01-28,150.3640326000,9710.2045330000,87.7760171800,96.2019542500,99.8041780000,18.3525577200,0,1
2,2016-01-29,154.2443004000,9692.7307890000,89.0760568200,98.6426693900,99.0107685700,17.2637106500,0,1
2,2016-01-30,150.9850786000,9707.7439590000,87.4905211000,97.6343083900,99.1584845800,18.6987252100,0,1
2,2016-01-31,154.8589553000,9702.7724790000,89.6648023900,99.1284010700,97.1653765900,17.1339027200,1,1
2,2016-02-01,150.0221638000,9634.0255710000,88.9289118700,97.5198285000,97.1020132600,17.6100493800,0,1
2,2016-02-02,151.5422938000,9644.1479950000,90.2950283500,99.6357494500,97.4110362600,17.5657672400,0,1
2,2016-02-03,154.7637358000,9671.1553050000,88.6378645000,99.7848662600,97.3898310100,15.4648548700,0,1
2,2016-02-04,150.0078357000,9683.8645770000,87.7221028900,96.7017538100,97.2939362200,15.8352590000,0,1
2,2016-02-05,153.0878243000,9650.0217360000,89.2292729800,99.7756590800,98.8842810300,15.1831744000,0,1
2,2016-02-06,152.7010918000,9723.4801230000,87.9601915900,99.0565884000,99.4966988800,18.9258626600,0,1
2,2016-02-07,150.9720820000,9712.8388850000,89.9000982800,96.4013175300,97.5950885800,16.9491827500,0,1
2,2016-02-08,152.6961511000,9696.0908540000,87.0023558200,98.2860329100,98.5287226700,17.7113040300,0,1
2,2016-02-09,151.9276395000,9710.3735260000,87.8581487500,98.4372894900,99.2690358400,17.8169595500,1,0
2,2016-02-10,151.1219316000,9682.0006550000,90.7565605700,99.5608051900,98.1347288400,15.5518616000,0,1
2,2016-02-11,151.2514415000,9673.8281340000,89.6118364900,97.9320460500,99.5073236800,16.4272666900,0,1
2,2016-02-12,151.2064917000,9634.9691920000,87.5935907100,99.1574158300,96.2897437000,18.2351051300,1,0
2,2016-02-13,152.5863105000,9678.2305060000,91.7813543600,96.1667716000,97.5895608000,17.1518375800,0,1
2,2016-02-14,150.6848571000,9692.9895770000,90.0928798400,97.5089833300,96.2800203500,15.4558108000,0,1
2,2016-02-15,153.7651247000,9662.1974310000,91.6224038000,97.7724700600,97.3602887200,15.5908816800,0,1
2,2016-02-16,153.3623991000,9713.8371520000,91.0237919900,99.7412303700,97.9229800200,16.7963834700,0,1
2,2016-02-17,153.8253179000,9690.0537440000,87.5819309100,97.6366067300,97.9047410800,18.2171629800,0,1
2,2016-02-18,154.4702406000,9639.6416610000,91.1457913800,99.7982772500,99.3628687900,18.7852554700,0,1
2,2016-02-19,152.4251410000,9710.7218780000,87.5672534200,96.7353836400,97.0553539300,16.9764032100,0,1
2,2016-02-20,150.6069213000,9638.0690700000,89.9125825500,98.8338429300,99.9961444600,18.4814656500,0,1
2,2016-02-21,152.5139493000,9685.1505060000,89.1204992700,96.8302588100,96.7004808500,18.7374207800,1,0
2,2016-02-22,154.7918290000,9710.6316600000,90.6793630100,98.1528711700,99.7761648200,18.3925303700,0,1
2,2016-02-23,150.3281352000,9681.6971670000,89.7028813400,99.1470967100,98.7205939900,15.5087375600,0,1
2,2016-02-24,153.8648566000,9711.5426120000,87.9414178700,97.4917044500,99.5535137500,17.5728561600,0,1
2,2016-02-25,150.4130616000,9728.9517310000,87.8376188200,99.7715857300,99.2649016500,17.2353023500,0,1
2,2016-02-26,150.4977598000,9661.7463810000,91.1427459900,97.0668475400,96.3059773600,16.2862544700,0,1
2,2016-02-27,154.4518528000,9687.2789170000,88.8329407400,96.4401694000,97.0551981100,15.0812671800,0,1
2,2016-02-28,150.4779501000,9721.7455060000,91.1863400700,98.3031685100,98.0824368100,16.5394059800,0,1
2,2016-02-29,151.0906355000,9721.5405630000,88.8174694200,96.3990160900,97.5905295900,17.5403803600,1,0
2,2016-03-01,153.1326312000,9710.8493070000,91.7921966000,97.2696229900,97.9181990100,18.3886285700,0,1
2,2016-03-02,152.4946056000,9746.2546470000,91.2867823300,98.9776630500,96.6652888100,17.3664669800,0,1
2,2016-03-03,151.9815128000,9748.8737910000,89.0570972300,96.2554786500,98.3154210700,17.2257552000,0,1
2,2016-03-04,151.1759246000,9746.7456300000,87.7403589700,97.3788025500,96.2813318300,15.4223398400,0,1
2,2016-03-05,151.1072526000,9757.3966930000,88.4958629200,99.0624486400,97.4963580500,15.7924187700,0,1
2,2016-03-06,149.6671057000,9756.9202390000,87.2964587900,97.9027246800,98.0110324000,17.3966203700,0,1
2,2016-03-07,149.7840017000,9750.0073010000,89.1176943100,96.8676625100,99.8513824200,18.6571383100,0,1
2,2016-03-08,149.5535346000,9758.6303760000,91.3996579900,98.7840527100,96.7144708300,18.6460743100,0,1
2,2016-03-09,148.6943458000,9764.6817780000,87.6155571300,96.5845738600,98.6460472300,16.0115048900,0,1
2,2016-03-10,148.3812443000,9756.0003310000,89.6255962100,97.5554480900,98.1953219600,18.1275491700,0,1
2,2016-03-11,148.4387127000,9765.7607340000,90.9242857500,96.6226588100,99.8767472000,16.8955972800,0,1
2,2016-03-12,147.6502330000,9774.2893820000,89.4931215500,96.9724858100,99.4810616900,16.9874359200,0,1
2,2016-03-13,145.4481735000,9763.3478080000,89.9874035500,96.9823657500,97.5455217500,17.0472672500,0,1
2,2016-03-14,147.1151138000,9763.4900660000,90.7942814500,97.3929426200,97.8781470200,16.4143135900,0,1
2,2016-03-15,145.9796964000,9783.2356600000,89.8878311400,97.7156638400,99.7312870600,15.5733230100,0,1
2,2016-03-16,145.4967313000,9761.7519900000,88.1600672300,98.4696292800,96.3817096400,17.1789984600,0,1
2,2016-03-17,145.4715725000,9802.7641460000,91.7649848400,97.9324207700,96.4087344300,17.7959655300,0,1
2,2016-03-18,146.2797023000,9791.6587910000,89.9654271200,98.8007363300,97.3068369600,15.1189070100,0,1
2,2016-03-19,144.6211104000,9783.9195810000,87.7972751700,99.3310452700,96.4597919600,18.1483191400,1,0
2,2016-03-20,145.9044734000,9802.1239320000,90.1801399300,98.3089529700,96.6431667300,17.6520972300,0,1
2,2016-03-21,143.2543588000,9806.7698050000,89.2824479300,97.7563836200,98.3985567200,18.7232880900,0,1
2,2016-03-22,143.0583355000,9794.9266710000,90.3950896800,98.3999374300,98.9172105400,17.0404073900,0,1
2,2016-03-23,138.1461975000,9783.1139320000,88.0639002000,96.2602253700,97.9326441500,15.1135323800,0,1
2,2016-03-24,140.5451205000,9811.4241940000,91.9703303900,97.6837891000,99.3435516200,17.2739280100,0,1
2,2016-03-25,138.5268671000,9784.5900260000,91.8750866800,99.4569205100,96.0098691100,17.1978136200,0,1
2,2016-03-26,144.1351836000,9739.3484470000,89.5667076200,96.1066625800,99.3569046500,15.2016440900,0,1
2,2016-03-27,137.4725039000,9781.8665290000,87.0948406200,97.2653931400,96.2211917300,18.8476888900,0,1
2,2016-03-28,137.2458060000,9845.8099530000,89.3286424300,99.7090525000,99.2326581900,15.0914601700,0,1
2,2016-03-29,139.5480043000,9859.3297070000,88.3337577700,97.2936503300,96.0226276300,15.0649830800,1,0
2,2016-03-30,136.6522836000,9815.0634120000,88.7880757700,99.4953482200,99.1522408600,16.0692278500,0,1
2,2016-03-31,137.4204255000,9818.9900830000,87.2821333000,98.1364261100,96.3995774400,18.8957440900,0,1
2,2016-04-01,135.6392654000,9824.0578580000,87.2893486900,97.8017731100,96.6056118900,18.1984489600,0,1
2,2016-04-02,141.5553752000,9784.4479020000,89.6602695000,96.0423597500,96.1168009400,16.2899201100,0,1
2,2016-04-03,128.3715158000,9821.0635920000,90.9995266400,97.3179623000,99.9367058100,15.3695443000,0,1
2,2016-04-04,133.4981970000,9813.1708060000,87.1818778700,97.5037539200,97.1968965700,16.6996775000,0,1
2,2016-04-05,138.7253260000,9879.9063860000,91.8194611700,99.1568519800,99.4737010300,17.1948766200,0,1
2,2016-04-06,140.4504902000,9796.3611020000,90.5959102900,99.8495987900,97.1986134700,18.3417803200,0,1
2,2016-04-07,134.5002182000,9853.9509820000,88.2109001600,96.8309641700,99.0685848600,16.9380903200,0,1
2,2016-04-08,136.0498673000,9789.7491320000,89.1548859900,96.0939854500,99.8117639700,17.1648752700,0,1
2,2016-04-09,129.7053034000,9778.9255420000,90.0504976300,99.3915670500,96.3266183300,15.0132613400,0,1
2,2016-04-10,133.7800106000,9856.1862350000,89.1035293500,98.4730814500,97.8391493500,16.7200078800,0,1
2,2016-04-11,133.2489217000,9879.4770410000,90.8840500300,96.6119898200,97.9764053100,15.4792922300,0,1
2,2016-04-12,134.2136995000,9816.1736320000,87.9851600700,97.4790312600,96.7331166500,16.7414034300,0,1
2,2016-04-13,121.9992180000,9829.0617100000,91.9552003100,97.1772299400,96.9774380700,17.8150976800,0,1
2,2016-04-14,122.6743228000,9795.6129050000,87.1521753000,97.6318205000,98.6712555200,16.4465733000,0,1
2,2016-04-15,130.7228980000,9868.3813550000,91.8007079600,98.8662273600,99.7607887100,16.9943916900,0,1
2,2016-04-16,127.8054586000,9817.9532050000,87.7110443100,96.7015633700,99.1673490800,16.9669254400,0,1
2,2016-04-17,124.6670434000,9927.9768610000,89.7364544000,99.6620350100,96.5500085100,17.0360565400,0,1
2,2016-04-18,128.4385328000,9806.0836230000,89.3149336800,96.7003351600,98.6023184100,17.3661733300,0,1
2,2016-04-19,126.3784659000,9870.0801010000,89.9653789500,96.0694616900,99.9285202200,16.8911753700,0,1
2,2016-04-20,130.0652793000,9865.3607960000,91.8506180800,99.6937446100,99.4614531100,18.6292757000,0,1
2,2016-04-21,131.0415068000,9845.5277700000,88.1676844500,99.1900130400,98.0169352200,16.8381988200,0,1
2,2016-04-22,126.1597817000,9846.3890960000,88.4270520800,96.1337455300,98.6114167500,17.1705914600,0,1
2,2016-04-23,124.3204984000,9876.8091790000,88.1539313500,96.6905270700,96.6556694000,16.3575832400,1,0
2,2016-04-24,131.6704667000,9920.9889660000,88.6414210600,99.3604058100,97.3499638900,16.2600333700,0,1
2,2016-04-25,123.3748475000,9864.1014250000,88.7042012100,99.4406801800,97.9287481400,16.9643444100,0,1
2,2016-04-26,126.8395829000,9910.9793170000,91.6570258600,97.9974756600,99.7235880300,16.7348046800,0,1
2,2016-04-27,127.4546926000,9862.9075060000,88.9708470300,99.3223477400,97.8656064200,18.4714081800,0,1
2,2016-04-28,126.6323729000,9895.5620250000,91.4281200500,98.9401858800,99.4674917200,17.2282244400,0,1
2,2016-04-29,127.6296948000,10099.5836400000,91.5105153600,96.4920531200,97.9871852200,15.8757750100,0,1
2,2016-04-30,127.9442965000,9858.8131660000,88.0156047700,98.2061816200,96.8230931600,18.0806316400,0,1
2,2016-05-01,119.0895274000,9860.9742970000,87.8771988100,96.6106395700,99.0789691300,17.3869141900,0,1
2,2016-05-02,119.4978282000,9907.4477910000,91.8428891700,99.3926087500,96.4068191100,18.6279722800,0,1
2,2016-05-03,121.7245580000,9992.1183190000,88.0203331200,96.8506803300,96.7422061700,15.5001381400,0,1
2,2016-05-04,128.5939022000,9640.0435150000,91.4034703800,99.7703844100,99.9660650900,16.2869068100,0,1
2,2016-05-05,116.3991320000,9843.6530730000,89.3707681200,98.5865830600,96.3624352600,16.1607822300,0,1
2,2016-05-06,126.7653134000,9861.4201800000,87.9460240700,97.8402960000,96.4164036100,17.5712305500,0,1
2,2016-05-07,124.9595637000,9768.4622830000,90.0678354100,97.0013411200,99.9610834800,17.2227127600,1,1
2,2016-05-08,123.4966080000,9853.4750970000,89.7689271400,98.5154055500,98.2064957800,18.9452269300,0,1
2,2016-05-09,118.9972199000,9786.8443540000,88.4921226000,97.7636566700,96.3447395500,17.3378058200,0,1
2,2016-05-10,119.9874302000,9865.7040880000,88.5858936200,98.1149762800,96.1548636300,18.7612980000,1,0
2,2016-05-11,116.8670778000,9778.9032810000,87.2802220000,96.0517902700,98.7932863500,17.5576826400,0,1
2,2016-05-12,118.3041798000,9991.3336570000,89.8192282900,97.7218495600,98.5808934900,18.8373375100,0,1
2,2016-05-13,121.3399207000,9834.2172020000,89.1614102100,96.8491483500,97.7595016300,15.3997411200,0,1
2,2016-05-14,91.7894048100,9978.2298130000,87.9003559400,99.7292700900,96.5183850600,15.1640408600,0,1
2,2016-05-15,116.1888631000,9879.8756980000,88.1723420700,97.4367835900,99.7206105500,18.0234710600,0,1
2,2016-05-16,135.7381607000,9796.3292780000,88.3262613200,98.7389000400,97.8978124500,17.8923975500,0,1
2,2016-05-17,111.7582646000,9865.8934080000,89.4803738500,99.2453430100,98.9952669300,17.0253641000,0,1
2,2016-05-18,113.3849974000,9790.9641900000,89.0302554200,98.8653832900,98.8548503100,18.1970821900,0,1
2,2016-05-19,123.9635299000,10010.2275400000,88.7943604300,97.0324912800,99.2885520700,17.1685089500,0,1
2,2016-05-20,106.2291277000,9924.2835870000,88.6405399700,96.2745426200,99.8044009300,17.3959626700,0,1
2,2016-05-21,112.0270966000,9783.6172280000,88.3022894400,97.2904620900,99.0782626600,16.4358655000,0,1
2,2016-05-22,109.6653028000,9981.8174290000,90.2255060600,97.8628102400,98.8968926200,15.1241671900,1,1
2,2016-05-23,123.1182012000,9857.9812610000,90.7329511400,99.3111179000,99.2656947300,16.4081146900,0,1
2,2016-05-24,104.1031393000,9786.8020800000,88.9453765300,96.1934163400,96.2177197100,17.7699818200,1,0
2,2016-05-25,108.6637421000,10041.0791900000,91.1176321400,98.9604563400,96.5938293800,15.7459459800,0,1
2,2016-05-26,107.6942206000,9778.6176400000,87.5121216300,99.4990591600,99.3265064600,17.2079014500,0,1
2,2016-05-27,122.9087332000,9819.0615460000,88.5542871400,98.0464281900,97.1363406000,18.5386622700,0,1
2,2016-05-28,95.9151548700,9795.3672860000,91.0630106400,97.1115267300,99.0480157600,16.0064190100,1,0
2,2016-05-29,105.7909648000,9796.5149630000,89.9619610500,99.3884285900,98.7201309800,17.4152811700,0,1
2,2016-05-30,93.7059920000,10001.8798400000,90.8273396600,98.9408585100,97.3539439100,17.6703656700,0,1
2,2016-05-31,97.3031533800,9965.6903020000,87.7648164900,98.6056289000,98.4540367200,15.2865974800,0,1
2,2016-06-01,102.6040124000,9975.8598810000,89.2421235200,98.9795814000,99.4967135300,17.9182075200,0,1
3,2016-01-01,150.4347227000,9654.1884710000,89.1203827400,99.0405222500,97.4171758700,16.7268468500,1,1
3,2016-01-02,154.9351983000,9641.7054870000,89.2130964400,99.7617865600,96.9285436800,17.1802644000,0,1
3,2016-01-03,151.8922874000,9684.3651850000,87.3333033500,98.8401523200,97.6285161700,16.7662948700,0,1
3,2016-01-04,152.3389990000,9640.7205360000,89.9780065200,98.3604044200,96.9453858800,17.7897620900,0,1
3,2016-01-05,151.0579189000,9757.8231810000,90.5012882000,99.0493006200,96.0626535700,18.3806091900,0,1
3,2016-01-06,152.7168940000,9796.2596650000,87.7160939000,98.2235235400,97.0747387300,16.7933269600,0,1
3,2016-01-07,150.6549213000,9790.2290730000,89.1597401800,98.4364262500,96.1852978000,15.4409394100,0,1
3,2016-01-08,151.2373524000,9784.0162060000,89.5566151100,97.2703812600,97.3302551800,16.9307838300,0,1
3,2016-01-09,151.3630844000,9702.0790220000,87.9557360400,97.6976340600,97.5968229300,16.2109291100,0,1
3,2016-01-10,153.6087418000,9710.3428520000,88.4397268300,97.2415357500,98.9073358800,17.4966749500,1,0
3,2016-01-11,153.8976251000,9652.0241350000,87.7353147800,99.7164020700,96.0835194300,15.4391236000,0,1
3,2016-01-12,153.1689309000,9702.0860730000,90.1843630800,99.7190755900,98.3871890300,15.0733656800,1,0
3,2016-01-13,151.3984581000,9787.8459120000,88.6897731200,96.3933961900,96.0274515200,15.4505359100,0,1
3,2016-01-14,151.1166288000,9748.7656380000,87.4843240300,99.3191810200,97.6133962600,15.8040697800,0,1
3,2016-01-15,153.7141644000,9656.0928790000,89.4041059800,99.0581311600,97.1060121300,15.9867373200,0,1
3,2016-01-16,154.2671940000,9824.7481280000,89.3090455500,96.5523641300,99.0718151600,17.3944504800,0,1
3,2016-01-17,152.1160699000,9756.1711010000,91.1197849100,98.8495177000,97.0392890200,15.0781122500,0,1
3,2016-01-18,154.7445608000,9695.2989230000,87.1151961700,99.5487868200,97.8037274600,16.7681886000,0,1
3,2016-01-19,151.9712637000,9757.1020020000,88.9079922500,98.7681496500,99.7225498700,16.7246471600,0,1
3,2016-01-20,150.7909061000,9761.1446890000,88.3055099200,99.4530729200,99.7377980600,16.6387510300,0,1
3,2016-01-21,151.0625262000,9793.3645070000,89.0317882700,97.1006189000,97.0984337800,16.9147910500,1,0
3,2016-01-22,154.1273705000,9796.2634790000,88.2795921400,96.9922544500,96.0205140200,17.0160749300,1,0
3,2016-01-23,151.7322182000,9737.2251150000,91.2771115800,99.1669712800,99.3456204000,17.1159182600,0,1
3,2016-01-24,154.1609343000,9647.0320040000,91.6135581500,98.4704899500,99.4874350300,16.4016997500,0,1
3,2016-01-25,151.2052569000,9784.1773110000,88.5032691000,98.6803465300,99.9526914300,15.5782737600,0,1
3,2016-01-26,153.3753425000,9693.0768470000,87.7985030100,99.2715910900,97.1202374100,16.6855242600,0,1
3,2016-01-27,154.4805761000,9735.8565450000,88.1160903600,96.6171978600,97.6575524800,16.2041423700,0,1
3,2016-01-28,150.4201168000,9648.3619540000,87.5507346900,97.4130526100,99.8021025300,18.3087828800,0,1
3,2016-01-29,152.2609826000,9765.6839590000,89.3158863900,99.8149681600,99.8556084600,16.2128723000,0,1
3,2016-01-30,153.9449669000,9738.1581930000,91.7565221000,97.5702893700,99.1821675400,18.8078286700,0,1
3,2016-01-31,150.7472169000,9712.0409540000,87.8424415400,98.8362928900,98.1944364600,18.3442779900,0,1
3,2016-02-01,150.9508700000,9764.3915270000,90.0588144700,99.4550498500,97.7283972300,15.3351901200,0,1
3,2016-02-02,154.9608942000,9722.1034060000,90.9856347100,97.5041974800,99.5705374000,18.6889663800,0,1
3,2016-02-03,153.8739668000,9844.5696140000,88.4019441300,98.5836102500,96.2337841800,15.2188567800,0,1
3,2016-02-04,153.5674309000,9834.1731250000,91.7134960400,97.0114481700,96.5563107500,18.0096408000,0,1
3,2016-02-05,150.5773460000,9831.7297680000,91.0524341300,99.8669369300,97.8556807100,16.4669618100,0,1
3,2016-02-06,153.7222117000,9797.8239430000,90.8384499900,97.5076435900,98.1566221500,15.0920144100,1,0
3,2016-02-07,154.8929449000,9819.5199840000,88.4479233700,96.1435752500,96.2517957200,15.4562603600,0,1
3,2016-02-08,151.0425421000,9679.4664000000,90.5394386500,98.0811198400,99.9615342300,17.2083584500,0,1
3,2016-02-09,152.0430445000,9798.1033590000,89.2037316900,97.8856842600,97.4639867700,15.9920564900,0,1
3,2016-02-10,154.5823374000,9675.1788770000,88.3005290900,98.2621963200,99.8324400300,15.6238655900,0,1
3,2016-02-11,154.8623536000,9646.0332160000,88.3639427400,98.0879344100,99.2595520900,15.4514794100,0,1
3,2016-02-12,150.3506074000,9844.6929800000,88.9745711500,96.7408081800,98.8518825100,16.1550085600,0,1
3,2016-02-13,152.5847717000,9765.4071790000,88.5236852100,97.0753896600,96.5381492400,18.5234928700,0,1
3,2016-02-14,152.7296594000,9769.9642800000,88.5860561700,97.6859144100,97.1512988000,16.9874013900,1,0
3,2016-02-15,153.0991365000,9761.8685720000,88.6635780300,98.3202371200,98.1283768000,16.7431551400,0,1
3,2016-02-16,150.5820669000,9672.2919100000,89.4510457400,97.6868359600,98.3408569000,17.3081771300,0,1
3,2016-02-17,153.4416553000,9695.5152290000,88.7047083200,96.8457882100,96.5891602100,15.2925614300,0,1
3,2016-02-18,152.0583237000,9816.4677720000,91.1977345500,97.7844087800,99.8842501300,16.3678680900,1,0
3,2016-02-19,154.5320895000,9723.4438560000,91.7936775700,98.3896242000,98.3384354900,15.7760005900,0,1
3,2016-02-20,154.9050712000,9715.5360490000,88.8270455100,96.5073857600,97.3646881700,16.8152123800,0,1
3,2016-02-21,152.3038719000,9755.6697710000,90.9195186200,96.7617120100,96.7075600900,16.4360200900,0,1
3,2016-02-22,150.1795001000,9750.5572130000,87.6866511100,97.4277684400,97.2966653900,16.4867698600,0,1
3,2016-02-23,154.1855498000,9711.1080190000,87.6642631400,96.7305020000,99.2507321500,15.3589042400,0,1
3,2016-02-24,150.1205595000,9728.4325460000,87.1060188000,98.3793524100,97.3214117000,17.1974644300,0,1
3,2016-02-25,154.0356865000,9696.1985770000,88.6369991500,99.9237157900,97.9085306000,18.3713446100,0,1
3,2016-02-26,151.6309722000,9674.9974320000,88.8346091900,97.6418930500,97.7483052500,16.0621592300,0,1
3,2016-02-27,153.2950582000,9844.6676760000,88.1448295800,99.7842121400,97.1280703400,15.0037128400,0,1
3,2016-02-28,153.4469374000,9642.6042700000,91.8034379000,98.4918867500,99.6288442900,17.8510852500,0,1
3,2016-02-29,154.0072772000,9799.1660120000,89.7952055000,97.7200773600,96.1152045100,18.6027610900,0,1
3,2016-03-01,154.7989991000,9714.1307350000,91.2525291000,99.2524908800,97.9097195600,18.5443528500,0,1
3,2016-03-02,154.9698586000,9675.5330030000,89.5044848300,98.4823185000,98.8931471800,18.0419325400,1,1
3,2016-03-03,153.5663053000,9668.7406340000,89.4106889900,97.9277577000,98.4718487000,18.6768797200,0,1
3,2016-03-04,153.5835401000,9713.0100170000,89.2751792400,99.8600263200,96.3291355200,15.6395880300,1,0
3,2016-03-05,152.8175404000,9788.5447210000,89.1980763900,96.6133939800,96.4055716200,16.7789299900,1,0
3,2016-03-06,154.2712931000,9691.9745300000,89.0763067700,96.9477076900,97.8570748200,15.9147931900,1,0
3,2016-03-07,154.4393273000,9727.1046470000,89.0159849700,98.4243622000,97.2069559200,15.5452088100,0,1
3,2016-03-08,151.4559861000,9651.9982970000,88.9243098200,98.6563269200,98.0563212900,16.7961331600,0,1
3,2016-03-09,150.2887906000,9755.7972470000,88.6941422400,97.9285793700,98.3114470400,16.6082239600,0,1
3,2016-03-10,151.5648111000,9720.9385840000,88.6387377800,98.0851200300,98.9740394900,18.4689433800,0,1
3,2016-03-11,151.2041749000,9741.9503090000,88.5443315600,99.5191382700,96.2504584100,16.9075863300,0,1
3,2016-03-12,150.5812768000,9775.9704560000,88.6246867900,98.4581552700,97.2473654700,18.8175088300,0,1
3,2016-03-13,152.0267593000,9762.8521900000,88.3691680800,99.1577338600,96.0707735800,17.1455501100,0,1
3,2016-03-14,151.9618898000,9830.6576690000,88.4623115400,97.2405869700,99.2765254600,17.5320527900,0,1
3,2016-03-15,154.5522930000,9700.0574440000,87.9111730800,96.1917932400,98.5611143400,16.1548461200,0,1
3,2016-03-16,153.8473373000,9766.8200980000,88.0471868600,98.1364541100,96.7548614200,17.8826901200,0,1
3,2016-03-17,154.5298888000,9641.9310970000,87.9637155900,98.9585028400,98.1068730400,18.9069630900,1,0
3,2016-03-18,153.4117115000,9663.3704990000,87.9664619900,96.8236631500,99.9035345100,18.6200368800,1,0
3,2016-03-19,154.2113287000,9643.0338210000,87.7708902600,99.5558939200,97.2304385500,18.8195694600,0,1
3,2016-03-20,152.3717509000,9676.2646920000,87.5927400900,96.2087540000,96.2740392900,18.3255403300,0,1
3,2016-03-21,150.2068973000,9797.2760380000,87.5600682600,99.3891807100,99.4771788400,17.8996757300,1,0
3,2016-03-22,153.9318743000,9722.8360120000,87.1965807000,98.7159634800,99.1722115700,17.5915794600,0,1
3,2016-03-23,150.9062511000,9635.5497180000,87.7184946800,98.2480917800,96.9458084300,15.8406395500,0,1
3,2016-03-24,154.4783711000,9649.6360760000,87.2521435400,96.7865953100,97.0096745700,15.3607710800,0,1
3,2016-03-25,152.0898979000,9835.0735170000,87.0035486800,99.3934307600,98.1618602600,18.4252822300,0,1
3,2016-03-26,150.6846704000,9807.7600800000,86.9900125300,96.0207888800,98.2260702000,18.4974556200,0,1
3,2016-03-27,151.9203168000,9833.2069530000,86.8204325200,98.2294448400,98.9318292000,15.2534147500,0,1
3,2016-03-28,151.6011395000,9721.3555330000,86.8619843700,97.3887552200,99.9021911000,17.7311067900,1,0
3,2016-03-29,153.8187832000,9771.3268370000,86.7009768600,97.5101476300,98.8569057000,16.4974610800,1,0
3,2016-03-30,152.2120497000,9832.7094900000,86.8019108200,97.4650728400,96.6977036500,16.0455323100,0,1
3,2016-03-31,153.7745156000,9771.5691850000,86.7442782300,99.9169970000,97.3733478100,15.5340931500,1,0
3,2016-04-01,154.2035272000,9657.2490910000,85.9853681000,99.9061931000,96.4641217400,17.0939952500,0,1
3,2016-04-02,151.5417288000,9854.8644810000,86.5749556500,97.6136961600,98.2098308200,18.3996121600,1,0
3,2016-04-03,154.0671827000,9734.7135370000,85.9871139700,98.6085933500,98.5998801100,16.1592846000,0,1
3,2016-04-04,150.7800998000,9853.2130910000,85.8166471000,97.6918704000,99.6364308100,17.6353627100,0,1
3,2016-04-05,150.6205803000,9712.7452320000,86.4990666300,97.2480938100,99.0926151100,15.6667947100,0,1
3,2016-04-06,150.3496758000,9858.6739660000,85.9708698500,96.8353965500,99.5565757000,17.3582263400,0,1
3,2016-04-07,151.5661188000,9827.1705470000,85.9930839400,99.1769289700,98.1524309400,16.2532476700,0,1
3,2016-04-08,152.6077819000,9827.7176820000,85.4717321800,97.1676738300,97.9267756800,18.7188368100,0,1
3,2016-04-09,150.8427288000,9686.3442130000,85.0817699800,97.5183153400,96.3364342900,15.4510761500,0,1
3,2016-04-10,150.7813251000,9701.8363500000,85.7557155300,96.1976001600,96.1472546000,15.3050187700,0,1
3,2016-04-11,151.1824446000,9675.5181370000,85.6653143100,97.0868681300,96.5017457000,16.0926530000,0,1
3,2016-04-12,152.9455804000,9639.6369950000,85.9351067900,96.5702226500,98.6503998600,18.8111585200,0,1
3,2016-04-13,154.8116968000,9823.4678990000,85.9531722300,96.5360251500,96.5605004400,16.0787199200,1,1
3,2016-04-14,152.6138271000,9815.6594150000,84.6302538500,97.4667968700,99.0533945600,17.2184894800,0,1
3,2016-04-15,153.7819074000,9821.5562000000,84.9376840300,96.1598834200,98.0364105100,18.1586190900,0,1
3,2016-04-16,154.5641617000,9836.6957590000,85.1524915200,99.9000505300,96.4776928000,15.8110467300,0,1
3,2016-04-17,150.6548033000,9761.4626010000,84.6106523300,98.7137059700,99.6172315700,17.6146377600,0,1
3,2016-04-18,154.5281374000,9809.4263070000,84.7389533400,96.0941678800,98.1182362400,16.0453658100,1,1
3,2016-04-19,153.9619157000,9667.7148150000,84.8280839200,98.6678643800,98.9341267300,15.7657288100,0,1
3,2016-04-20,153.2675508000,9738.9930100000,83.4661876700,99.3610133100,99.5864776000,18.9551697700,0,1
3,2016-04-21,151.6217754000,9799.9440250000,84.0896751800,97.5836044300,99.6167985600,16.1141597500,0,1
3,2016-04-22,153.8565071000,9779.4194650000,83.9567356000,97.2764410000,99.8938140800,17.1768021500,0,1
3,2016-04-23,152.0181687000,9823.2589660000,83.8684035600,99.3345634100,97.5641125800,16.6939250500,0,1
3,2016-04-24,152.0079658000,9783.3728600000,84.6162031700,98.0287939400,98.2191237400,18.9092729700,1,0
3,2016-04-25,152.7339824000,9773.9256910000,84.0741367400,98.6481608900,97.5795832300,15.8874119100,0,1
3,2016-04-26,153.8182575000,9666.6091470000,83.4037532600,98.1642510100,98.2487869300,18.9305046700,0,1
3,2016-04-27,152.3607178000,9646.8673870000,83.4146992100,97.8612125600,99.7107348600,17.0454813700,0,1
3,2016-04-28,150.4761789000,9733.3994920000,82.6933468700,96.4429560700,96.8690426100,16.2516318400,0,1
3,2016-04-29,152.9842737000,9660.9323690000,83.3140504700,96.3829400400,99.3201007800,17.0819128400,0,1
3,2016-04-30,151.1021933000,9673.2010200000,83.8191574500,99.0107485500,96.7832647000,15.5775893400,0,1
3,2016-05-01,151.2917630000,9776.8350790000,85.3909863600,97.7421813200,96.6339662700,16.9715438100,0,1
3,2016-05-02,153.6525369000,9782.3306240000,83.1120085100,99.8583691300,99.6129548000,18.6003016400,0,1
3,2016-05-03,150.6149914000,9694.7231590000,83.6017408700,96.3757329100,96.5129089300,15.8046327000,0,1
3,2016-05-04,152.9167913000,9655.0332990000,83.2922006700,96.4906319800,97.3063163300,18.8319555100,1,0
3,2016-05-05,152.6962631000,9670.3890500000,82.9488896500,96.1226403500,97.3691929200,15.2006708500,0,1
3,2016-05-06,152.1042117000,9828.7577750000,83.2475790900,99.8644459600,96.1424202300,16.9967235600,0,1
3,2016-05-07,150.6626597000,9642.6730800000,82.5253532100,96.6616600900,96.3305868900,17.0666078100,0,1
3,2016-05-08,154.0819262000,9727.8033200000,83.1109291300,99.1810226500,98.7847393700,17.4975634600,0,1
3,2016-05-09,151.2527822000,9653.0423380000,83.2862755400,99.2657159600,96.0839373800,18.7515314300,0,1
3,2016-05-10,151.4659636000,9853.5820340000,83.3274676100,98.1447144500,97.6326570200,16.8500704600,0,1
3,2016-05-11,153.2123646000,9835.2484250000,82.7801532300,99.0632373200,97.3647951900,17.8327582900,0,1
3,2016-05-12,154.6783591000,9665.5858840000,82.2925107200,97.2902087200,96.9394499700,18.7667808300,0,1
3,2016-05-13,150.7320479000,9680.9607680000,81.4156174200,96.1090751600,99.6780714900,17.8547571500,0,1
3,2016-05-14,152.3944476000,9818.1158970000,83.5381110400,97.3977163300,99.0969440800,16.1481333900,0,1
3,2016-05-15,151.2859130000,9737.9084880000,82.5764171500,99.9709146100,97.5099450200,18.9540796400,0,1
3,2016-05-16,150.3959989000,9643.7857100000,83.0539829700,98.0770580800,99.1328780600,16.1266692600,0,1
3,2016-05-17,151.9543558000,9841.0999100000,82.2128090100,99.0084561100,98.9603759600,16.9150028600,0,1
3,2016-05-18,150.7977028000,9849.6072120000,81.8968801700,98.1943353900,99.8326201700,18.0179146400,0,1
3,2016-05-19,153.9946309000,9664.4259060000,81.8690980300,99.7281720000,99.4619100800,15.0685567100,0,1
3,2016-05-20,151.6338875000,9849.5293930000,82.7700895100,97.6242680200,99.2868889800,15.0177995000,1,0
3,2016-05-21,151.1828120000,9725.0101000000,81.2318839400,97.4022118200,99.8818266400,16.8995459800,1,0
3,2016-05-22,153.7822795000,9719.0112430000,82.5815998500,97.5194149900,96.7715948700,16.8166538400,0,1
3,2016-05-23,154.8445095000,9818.5551610000,80.5499433000,98.4147261200,96.2076892900,17.9045547100,0,1
3,2016-05-24,152.2275099000,9835.8454140000,80.9805076900,97.6911502000,97.3920835100,15.5021221600,0,1
3,2016-05-25,154.7759826000,9703.2602010000,80.3380845100,97.9184433800,97.0783977500,15.0509542200,0,1
3,2016-05-26,150.3312166000,9761.3404540000,81.3594655300,96.8709850700,98.1833294900,17.5584768400,1,0
3,2016-05-27,150.9692384000,9738.1593890000,79.9449227000,96.7698613300,97.3746583000,17.7258426600,0,1
3,2016-05-28,154.1076676000,9748.0922040000,80.7969648200,98.9480271500,97.1632167000,15.6919890800,0,1
3,2016-05-29,152.9912523000,9836.0384020000,80.8372910700,98.7860438900,97.5411687000,17.5302818300,0,1
3,2016-05-30,153.6376500000,9754.6932760000,81.3831736100,96.4028417700,98.2829046900,15.3941231200,0,1
3,2016-05-31,151.9133621000,9704.7381110000,81.2948124400,96.2198068900,96.9056972600,15.7605937500,0,1
3,2016-06-01,151.3965922000,9725.5401400000,80.3813187900,97.6050232900,98.8230918700,17.2292828000,1,0
4,2016-01-01,151.5996019000,9679.6235730000,87.6209526500,99.7705319100,96.1848007900,17.3458133500,1,0
4,2016-01-02,152.8268410000,9789.4256160000,91.3438402400,99.9071539100,98.3286766000,16.5463249600,0,1
4,2016-01-03,154.5265004000,9665.9737780000,88.5102386100,97.4213326400,96.0563550000,15.7905798500,0,1
4,2016-01-04,154.3365771000,9688.4692970000,87.8573256700,99.0041188200,97.4271948500,17.2398729700,0,1
4,2016-01-05,153.9935057000,9643.3615850000,91.4184551600,99.4232962000,97.0171324700,18.9322253900,0,1
4,2016-01-06,150.6346782000,9819.4004790000,88.6786343800,97.5681126900,98.1019680300,17.3032747500,0,1
4,2016-01-07,154.2847466000,9836.5819540000,87.5084683100,97.0103648800,97.2792575600,17.8689331100,0,1
4,2016-01-08,150.1976235000,9666.2634320000,91.2703524100,97.1913764800,98.4696754900,17.4985603900,0,1
4,2016-01-09,154.0692622000,9705.4041210000,87.0710995500,99.0975899800,96.4727792200,16.0045723500,0,1
4,2016-01-10,150.0237283000,9692.6591680000,91.4519545300,97.8489538100,99.7175602900,18.3191759200,0,1
4,2016-01-11,153.9997727000,9829.1505640000,91.2071168600,99.0840090700,96.8940623000,18.4831298400,0,1
4,2016-01-12,154.8856067000,9829.9239610000,87.1413753300,99.3663790500,97.8149421500,16.1928826800,0,1
4,2016-01-13,153.0154763000,9847.0228940000,88.2866027200,97.8857654200,96.2409425600,17.3342603900,0,1
4,2016-01-14,154.5427863000,9780.6714430000,88.6429679300,98.2075416400,96.4042546100,17.0040109300,0,1
4,2016-01-15,152.2216850000,9672.1112420000,89.1404053900,99.9216208400,96.9924715200,17.6973187500,1,0
4,2016-01-16,150.7432719000,9730.8896900000,87.8242399400,99.9627512800,99.0815446300,15.1076761100,1,1
4,2016-01-17,153.7427917000,9684.7641640000,87.2676625700,98.2329120100,96.9852311800,18.1754939600,0,1
4,2016-01-18,154.6814650000,9820.5157360000,91.4367217000,96.9296557500,99.7810496100,18.1123893500,0,1
4,2016-01-19,153.7391762000,9698.8205760000,89.8089120200,97.2331726300,99.4047717000,15.6259765600,0,1
4,2016-01-20,153.2428680000,9694.1029080000,88.7144614000,98.2948133300,99.0854027200,17.3730749100,0,1
4,2016-01-21,154.5894462000,9653.8451150000,88.1375719100,97.3261505700,97.1889098500,18.6351041500,0,1
4,2016-01-22,152.2157087000,9731.4633990000,87.2664539000,98.2623850800,97.0742136500,17.9369894000,0,1
4,2016-01-23,154.6962434000,9835.9480950000,88.5854362000,96.9676100100,96.8233051500,15.8513944400,1,0
4,2016-01-24,154.2746456000,9802.1605570000,88.9366391700,99.4218590300,97.9756476000,17.4088659000,0,1
4,2016-01-25,153.2710166000,9828.1694050000,87.2660264300,99.3371832300,99.6648247300,18.4304794200,1,0
4,2016-01-26,151.0241191000,9767.3637040000,90.9900269300,96.8307304900,97.0755547300,18.5919573400,0,1
4,2016-01-27,152.8752670000,9694.2577360000,87.7264039100,99.6842862200,98.6573988100,15.4642372300,0,1
4,2016-01-28,154.4428453000,9773.1430390000,90.7816354500,99.3236109900,99.6712172900,18.0831040200,0,1
4,2016-01-29,151.1500202000,9676.5306980000,87.0783480600,96.5797409700,96.3675170400,16.9540898200,0,1
4,2016-01-30,151.0636822000,9759.6599280000,89.9454415800,99.1566749100,97.5688239700,15.0091307200,1,0
4,2016-01-31,152.8687539000,9744.4619760000,91.6189283000,97.3812063000,99.3226017900,15.7922035000,1,0
4,2016-02-01,151.1570204000,9654.1129920000,90.5018410300,97.4067404100,98.7963108100,15.0992692100,0,1
4,2016-02-02,151.3715346000,9690.3777460000,88.0247113700,98.4430475600,98.2227274900,16.0354729600,0,1
4,2016-02-03,150.7355448000,9845.6123030000,91.4157396900,99.6777404400,97.0797386300,17.5418570100,0,1
4,2016-02-04,153.1645270000,9690.9501290000,91.5503097900,96.6643543300,99.8125599800,18.1849773500,0,1
4,2016-02-05,151.0278885000,9829.6018980000,88.2796566400,99.9638955200,97.4477872400,15.3178841800,0,1
4,2016-02-06,151.0244618000,9791.4277150000,87.0869107000,98.1119803000,99.7141171300,18.8023352800,0,1
4,2016-02-07,154.4680960000,9701.3198470000,90.4323543100,99.8733694000,98.6023879000,18.4505089100,0,1
4,2016-02-08,151.8190998000,9813.9804800000,89.1013708000,98.1883393600,99.9342709000,16.1213733900,0,1
4,2016-02-09,153.4640333000,9738.3553090000,90.7609468200,99.5670885300,98.9438172300,17.5159003300,0,1
4,2016-02-10,154.1689945000,9634.2275430000,88.7645969800,97.2248167400,98.7210787400,17.9064346000,0,1
4,2016-02-11,152.0501580000,9753.4816170000,89.4413223400,98.5769666200,99.8495375400,18.3827015900,0,1
4,2016-02-12,154.9241770000,9820.0099500000,91.6063742400,98.0355646600,99.1756401900,16.8220511600,1,0
4,2016-02-13,151.4573598000,9804.0633770000,90.9778411700,96.2562473900,99.4176602000,16.1222647000,0,1
4,2016-02-14,151.6631142000,9710.6650370000,91.2594047400,98.3262392100,96.9115852100,16.6544148100,0,1
4,2016-02-15,154.4245369000,9700.6219460000,89.6462103000,97.5846854100,98.6825604500,15.7994834200,0,1
4,2016-02-16,151.2988883000,9796.9091950000,89.9070176400,97.9846312800,98.2487424700,15.0630729400,0,1
4,2016-02-17,154.8398578000,9774.5705990000,88.3868222600,97.6105845700,96.4636748700,16.6836265800,1,0
4,2016-02-18,152.3656794000,9694.6308130000,89.3083179900,98.7300870600,98.7118063800,18.8197449200,1,0
4,2016-02-19,151.3473974000,9848.8219290000,88.3975525900,99.6396984300,99.2436514600,15.8478618600,0,1
4,2016-02-20,150.9231717000,9678.3039590000,87.7796833500,98.1540861100,97.5037265300,15.2743164100,1,0
4,2016-02-21,153.6357372000,9747.0253610000,88.5689699600,99.7854590000,99.2127196200,16.8223491400,0,1
4,2016-02-22,151.0379239000,9831.8953220000,88.9774529900,97.5732073900,97.8181393600,17.3231832900,0,1
4,2016-02-23,153.7095761000,9633.3058900000,90.4256304600,97.3527402000,98.2006770200,16.4174605400,0,1
4,2016-02-24,154.3997161000,9746.1097860000,88.2302773400,99.1752916700,99.1664870100,18.1737211700,0,1
4,2016-02-25,152.1718493000,9808.0707940000,87.8508606600,99.2281462000,96.0040937500,15.7474924700,0,1
4,2016-02-26,153.2007707000,9669.0258830000,90.9070584600,99.6874272100,98.5396074600,18.0738316800,0,1
4,2016-02-27,154.5641679000,9647.2634280000,91.3862301800,99.3481797900,96.3751554800,17.0140817600,0,1
4,2016-02-28,150.2117362000,9673.2431200000,89.5554643100,99.4762264000,99.3589486800,18.8958444700,0,1
4,2016-02-29,153.2643232000,9853.6384420000,90.5321885600,98.3272504500,97.2548138600,15.3136886900,0,1
4,2016-03-01,150.7357377000,9783.6178990000,90.3412830900,97.7240408300,97.7250954900,17.0045183500,0,1
4,2016-03-02,150.5196093000,9790.7989170000,89.2994686300,97.0084713500,99.4046495300,15.2597137100,1,1
4,2016-03-03,151.5566478000,9709.5516380000,90.7235299600,98.6217073700,99.8956247000,18.9586557300,0,1
4,2016-03-04,152.4562006000,9642.7706180000,89.9973027000,97.0599773600,98.5497407700,16.0363049900,1,0
4,2016-03-05,151.4924617000,9711.8959810000,91.4458151100,97.9729706300,96.4461675900,15.7159165800,1,0
4,2016-03-06,151.1365447000,9711.1900250000,90.7945940900,99.8294387100,99.5507576000,17.4724662400,0,1
4,2016-03-07,151.2902996000,9856.0009810000,91.6105947600,96.6564033800,98.7588279900,16.7412021000,1,0
4,2016-03-08,151.8506063000,9726.9317290000,91.1930045200,98.1426654200,99.1010773000,18.9442688100,1,0
4,2016-03-09,154.8589454000,9694.7900240000,88.4578003800,99.3726161100,96.8400569000,16.1472191700,1,0
4,2016-03-10,151.2036483000,9678.2289410000,89.7854478100,99.0345607600,98.0396325500,16.5475771700,1,0
4,2016-03-11,152.4205041000,9657.4263350000,91.2058992100,97.3086801300,98.3834915100,18.2756870300,1,0
4,2016-03-12,153.5500341000,9812.3678160000,88.4477827000,97.6406081300,97.2466399800,15.8426389000,1,0
4,2016-03-13,151.5945628000,9653.1215430000,88.7949268800,96.9430527100,98.8759429400,15.9138887200,1,1
4,2016-03-14,150.7983824000,9651.9475650000,89.0160116300,97.1379492500,98.8632217200,18.3024310000,1,0
4,2016-03-15,150.1682574000,9705.0896150000,87.7854502400,97.6552083700,99.7697611500,17.7621173500,1,0
4,2016-03-16,154.3383307000,9750.7606470000,88.4989678100,96.2600349400,98.0532981400,17.4347099300,1,0
4,2016-03-17,150.8940125000,9723.1400410000,91.9764825000,99.1254424600,98.0452669100,17.8869891500,0,1
4,2016-03-18,153.5401621000,9694.2543230000,91.4476441100,99.5848060600,97.1650279900,15.7288402000,1,0
4,2016-03-19,150.0273306000,9747.3617600000,88.8265103300,98.8646582100,99.6292820800,16.6159963300,1,0
4,2016-03-20,151.0374551000,9746.4999570000,89.6917445700,96.0360661200,98.3508992400,17.7601478100,1,1
4,2016-03-21,152.7546537000,9850.6527060000,88.4005096100,96.9601233200,99.1591889700,17.3406300500,1,1
4,2016-03-22,152.5626673000,9680.0459940000,88.5061565600,97.8123480600,98.8771862400,18.8677685600,1,0
4,2016-03-23,150.6688341000,9694.6173410000,87.7213169000,97.9801322900,98.0684346700,17.0054898800,1,0
4,2016-03-24,151.7524934000,9819.5559000000,89.0065585500,97.4012937300,98.5777951700,16.7061453500,0,1
4,2016-03-25,154.3184609000,9780.5254280000,88.7409000400,96.6245717100,97.7769419300,16.9676621300,1,1
4,2016-03-26,150.6074719000,9688.5852650000,88.5886673800,98.1217290700,97.3999835900,16.1976692800,0,1
4,2016-03-27,150.6535551000,9660.4295560000,87.2392514400,97.7252711400,96.5418291300,15.7095251100,0,1
4,2016-03-28,150.5988148000,9684.4866440000,90.1849348100,97.4432267200,99.5952887500,17.5718391800,1,0
4,2016-03-29,154.8634740000,9755.6682360000,87.8916329300,99.9485355600,96.4734902800,17.2023456500,1,0
4,2016-03-30,154.7421215000,9845.6803400000,91.2001330900,98.3440106400,98.5618531100,17.2581669800,1,0
4,2016-03-31,152.8515360000,9828.8869120000,91.1699753900,97.5543031300,96.9312746800,18.3380131200,1,0
4,2016-04-01,151.4773238000,9633.0985330000,91.5081079100,99.1088141800,96.8999033400,17.2185814800,1,1
4,2016-04-02,153.8236835000,9703.4820250000,89.7654291700,98.5229819500,99.9998974800,15.1413482700,1,0
4,2016-04-03,150.4833469000,9852.9434080000,87.7095140700,99.6050804200,96.8439318600,17.5914237900,1,0
4,2016-04-04,153.1772925000,9705.6744300000,88.4325511100,99.6400283700,97.6233049200,18.1613829800,0,1
4,2016-04-05,150.9582386000,9810.2770950000,87.1691561300,99.4567262300,98.8477558100,15.5372713500,1,0
4,2016-04-06,153.4725914000,9670.7931450000,89.8965517300,98.5826040700,98.2362116100,17.9537358800,1,0
4,2016-04-07,154.8914959000,9692.8592550000,89.9707960800,98.6660709000,97.7744115600,17.1350057700,1,0
4,2016-04-08,151.7263879000,9760.1229230000,91.8976185600,99.7488596000,98.4061462600,15.5601962200,1,0
4,2016-04-09,153.8083312000,9836.8269490000,89.5449959500,99.7158839800,98.0383482300,18.7312637800,1,0
4,2016-04-10,152.3870462000,9691.1915420000,88.9113522000,96.0876557800,97.5248220300,18.6976372100,1,0
4,2016-04-11,154.4861378000,9806.5476570000,91.0702596400,99.7918681300,96.8877100300,15.0931912000,0,1
4,2016-04-12,154.5746714000,9630.8413540000,88.2271119600,98.2688654500,97.1990550600,15.1124265500,0,1
4,2016-04-13,153.2120459000,9848.1217070000,91.2821389200,99.2187588400,96.2851740800,17.2482550400,1,0
4,2016-04-14,154.1713966000,9757.0780220000,91.1345277800,98.5747078900,96.2656130300,17.3737309200,1,0
4,2016-04-15,154.1679539000,9859.5180090000,90.6544302900,98.2132238300,97.2910610700,16.6376522800,1,0
4,2016-04-16,150.4866954000,9769.9015310000,90.6142459700,99.7654318700,97.4043050100,17.6845821100,1,0
4,2016-04-17,151.9589257000,9692.4894870000,89.7783690200,97.6744208900,97.4784436700,16.5328404300,0,1
4,2016-04-18,152.3793395000,9685.5659470000,88.1283762000,97.5315056400,96.2700441000,18.7042917500,0,1
4,2016-04-19,153.7645381000,9806.0102680000,88.5797711800,96.7049331200,98.5303809900,16.3230617200,1,0
4,2016-04-20,154.9820749000,9804.8877010000,90.2690020500,96.5628735800,96.5740431800,17.6113710300,1,0
4,2016-04-21,154.1419497000,9853.0514140000,91.3863012800,96.7639647500,99.2529922800,16.7571187500,1,0
4,2016-04-22,152.3596499000,9680.9694390000,88.3658186900,96.4682188600,96.3294732300,18.5381916900,1,0
4,2016-04-23,150.7261970000,9696.9933770000,88.9833894000,97.3853428500,96.0202337200,17.5709395000,1,0
4,2016-04-24,153.1662108000,9733.9891020000,89.1096712500,98.2418294500,96.7870470100,15.2491030300,1,0
4,2016-04-25,152.6923976000,9696.1937190000,91.8802334500,99.7695147900,98.2211354600,18.8678171200,0,1
4,2016-04-26,152.4557546000,9670.2620960000,89.9581902600,96.6122785900,97.0507763100,15.2204588500,1,0
4,2016-04-27,153.7630317000,9837.1604440000,88.7863277400,96.5307109600,98.0271648000,18.3113612800,1,0
4,2016-04-28,154.2340011000,9823.2398980000,87.2546135300,96.7800132100,97.1604139700,15.1097718200,1,0
4,2016-04-29,150.3582589000,9787.4005270000,87.3896059900,97.3851736500,99.4476051800,16.4626728100,0,1
4,2016-04-30,150.8502653000,9782.2286980000,87.0945850300,99.6382524000,98.1762867900,17.5168029400,1,0
4,2016-05-01,153.3115856000,9745.7894120000,89.8333227500,99.8988652500,99.9498879000,18.0501738900,1,0
4,2016-05-02,152.8060876000,9738.2049040000,89.5965980500,98.6906718000,97.4272108600,16.4068363700,0,1
4,2016-05-03,153.3836326000,9761.1362330000,89.8920235200,97.4088341100,98.7699803300,16.7598565600,0,1
4,2016-05-04,150.5245724000,9752.7503470000,90.3361630900,99.1894140700,98.3114410600,17.3181990300,0,1
4,2016-05-05,153.5236759000,9780.8833380000,88.9815035700,99.9681284000,96.7043760300,16.7181404300,1,0
4,2016-05-06,153.3519012000,9652.4218330000,87.4912737900,96.4747078900,99.9389708900,17.8204741700,1,0
4,2016-05-07,150.8353385000,9638.1442540000,87.0274925800,99.9461393900,98.4727672500,18.9012720100,1,0
4,2016-05-08,153.6527778000,9763.4730980000,88.3131738700,98.0405674600,97.8983196700,15.0784201000,1,0
4,2016-05-09,151.2787457000,9697.6883080000,87.1434176800,96.7368382600,96.5211814600,17.7405036300,1,0
4,2016-05-10,150.1660458000,9646.4542690000,89.4932041700,97.9588594500,97.3367881100,18.9461617800,1,0
4,2016-05-11,150.3074025000,9653.1911520000,87.0132681600,99.0880365600,98.4838042300,18.9009038200,0,1
4,2016-05-12,151.1778779000,9696.3932540000,87.2686325400,96.3249564800,97.9483299300,15.3403642700,0,1
4,2016-05-13,154.3651349000,9641.4915850000,89.5478951100,99.9392030600,98.6535203100,17.6140325500,1,0
4,2016-05-14,154.0094998000,9792.4283300000,89.2258397000,96.4544711000,97.9077886500,16.5850142900,1,0
4,2016-05-15,154.4413348000,9696.8164090000,90.5869383000,97.4178824000,98.1894091800,15.7766038600,1,0
4,2016-05-16,152.5937812000,9690.3922890000,89.9033562100,99.4120956000,97.1021408200,15.1637221700,0,1
4,2016-05-17,154.4489394000,9828.6035450000,89.7605880400,98.5029141200,96.9235987300,16.1682548100,1,0
4,2016-05-18,150.5639633000,9688.0643210000,89.0017147100,98.2028432600,98.9525778400,17.6971106900,1,0
4,2016-05-19,151.7827668000,9723.2322260000,90.7903918600,98.2588369100,98.5227647700,16.4631726400,0,1
4,2016-05-20,154.9245501000,9726.2719610000,89.2706712400,97.5801024600,96.9147191500,16.5638556500,1,0
4,2016-05-21,154.9578007000,9849.5963270000,87.3883128900,97.9499028100,99.8156444900,16.4084406200,1,1
4,2016-05-22,150.5076539000,9694.7384480000,89.9936709800,98.8730831100,97.0261417600,15.3348007200,1,0
4,2016-05-23,150.5998431000,9749.6181210000,91.5224954900,98.1463342900,99.9346800000,17.0319303600,1,0
4,2016-05-24,151.2944819000,9682.3044170000,89.4770850000,98.2833292100,98.7872215800,15.1380159300,1,0
4,2016-05-25,154.8399560000,9702.0434050000,88.3987417400,96.2810931300,96.9226253200,18.5722771200,1,0
4,2016-05-26,151.6014036000,9750.4140170000,91.2734446500,99.6227837300,99.4454441400,17.4481166100,1,0
4,2016-05-27,150.6386383000,9702.7369880000,91.7351413500,97.6695866800,99.4085731700,15.0444981500,1,0
4,2016-05-28,154.7386058000,9742.6828660000,89.4340788600,98.8921797600,99.7317896900,16.1314749900,0,1
4,2016-05-29,152.0620124000,9816.0800220000,91.4852112500,99.3384884700,99.5275502500,16.3642378200,1,0
4,2016-05-30,151.0719449000,9668.3654740000,90.1700603800,97.3722686700,98.1171378000,17.1527881800,1,0
4,2016-05-31,154.9029939000,9799.2687030000,90.6633564000,96.1653399600,98.3143201700,16.1011259800,1,0
4,2016-06-01,152.8444408000,9772.6729460000,89.5525882800,97.8101954100,99.1966322300,16.6544396100,1,1
